year,urban_km2
2018,177.12933641917607
2019,182.95406110268485
2020,198.36147135126592
